date,engin,runway,captain,airport,system,offic,control,land,oper,pilot
1966-11-30,23,1,12,9,6,6,4,13,10,5
1966-12-31,0,0,0,0,0,0,0,0,0,0
1967-01-31,0,0,0,0,0,0,0,0,0,0
1967-02-28,0,0,0,0,0,0,0,0,0,0
1967-03-31,0,0,0,0,0,0,0,0,0,0
1967-04-30,0,0,0,0,0,0,0,0,0,0
1967-05-31,0,0,0,0,0,0,0,0,0,0
1967-06-30,0,0,0,0,0,0,0,0,0,0
1967-07-31,0,0,0,0,0,0,0,0,0,0
1967-08-31,0,0,0,0,0,0,0,0,0,0
1967-09-30,0,0,0,0,0,0,0,0,0,0
1967-10-31,0,0,0,0,0,0,0,0,0,0
1967-11-30,0,0,0,0,0,0,0,0,0,0
1967-12-31,0,0,0,0,0,0,0,0,0,0
1968-01-31,0,0,0,0,0,0,0,0,0,0
1968-02-29,0,0,0,0,0,0,0,0,0,0
1968-03-31,0,0,0,0,0,0,0,0,0,0
1968-04-30,0,0,0,0,0,0,0,0,0,0
1968-05-31,25,0,15,3,19,12,33,4,16,11
1968-06-30,0,0,0,0,0,0,0,0,0,0
1968-07-31,0,0,0,0,0,0,0,0,0,0
1968-08-31,13,5,30,9,7,21,22,15,18,9
1968-09-30,0,0,0,0,0,0,0,0,0,0
1968-10-31,8,1,2,10,7,3,6,9,11,8
1968-11-30,0,0,0,0,0,0,0,0,0,0
1968-12-31,119,78,54,45,52,26,17,58,43,12
1969-01-31,53,5,5,9,20,19,11,8,24,1
1969-02-28,0,0,3,4,0,5,0,0,5,0
1969-03-31,11,29,6,25,6,8,121,32,24,13
1969-04-30,3,3,0,13,9,2,71,2,6,11
1969-05-31,0,0,0,0,0,0,0,0,0,0
1969-06-30,150,30,39,30,2,1,23,18,32,5
1969-07-31,64,10,20,7,64,7,18,28,11,15
1969-08-31,10,67,14,43,5,3,4,43,13,1
1969-09-30,7,1,3,4,12,4,29,7,18,10
1969-10-31,51,32,36,28,43,23,12,46,10,27
1969-11-30,9,18,18,60,7,8,19,13,14,11
1969-12-31,0,0,0,0,0,0,0,0,0,0
1970-01-31,82,32,59,52,40,34,17,51,34,25
1970-02-28,11,7,21,41,13,1,41,11,13,26
1970-03-31,9,53,45,25,7,7,8,13,16,3
1970-04-30,16,31,25,17,4,7,11,22,10,13
1970-05-31,49,33,95,52,23,37,8,62,27,14
1970-06-30,0,0,0,0,0,0,0,0,0,0
1970-07-31,118,81,28,45,24,35,35,41,33,20
1970-08-31,96,0,1,9,1,3,0,12,12,0
1970-09-30,127,69,27,34,38,16,29,45,37,22
1970-10-31,0,0,0,0,0,0,0,0,0,0
1970-11-30,25,82,44,69,29,23,10,67,41,25
1970-12-31,23,53,27,15,11,13,9,42,3,5
1971-01-31,7,20,3,23,6,6,12,20,26,16
1971-02-28,5,43,24,18,10,18,6,38,8,10
1971-03-31,44,29,20,13,5,6,6,8,14,5
1971-04-30,0,0,0,0,0,0,0,0,0,0
1971-05-31,64,0,2,5,6,10,1,21,14,2
1971-06-30,20,28,69,33,49,46,74,23,31,22
1971-07-31,7,113,9,40,33,17,38,30,13,2
1971-08-31,7,12,5,25,5,3,2,11,8,5
1971-09-30,5,6,20,14,13,6,9,7,16,2
1971-10-31,13,24,9,70,11,2,6,19,21,27
1971-11-30,0,0,0,0,0,0,0,0,0,0
1971-12-31,7,34,23,22,28,23,25,43,17,17
1972-01-31,4,6,8,18,6,4,0,19,11,8
1972-02-29,82,2,3,5,4,6,4,7,18,5
1972-03-31,38,7,17,25,5,16,11,21,14,5
1972-04-30,0,2,8,16,1,11,23,6,11,14
1972-05-31,58,88,34,36,20,27,28,83,37,22
1972-06-30,31,81,22,61,38,38,17,60,30,11
1972-07-31,0,0,0,0,0,0,0,0,0,0
1972-08-31,31,55,18,20,17,4,8,9,23,14
1972-09-30,23,104,15,41,6,12,4,22,19,11
1972-10-31,5,1,0,7,3,2,3,1,7,12
1972-11-30,2,10,0,5,1,1,8,6,1,3
1972-12-31,77,86,74,46,78,65,102,61,39,19
1973-01-31,0,0,0,0,0,0,0,0,0,0
1973-02-28,49,9,0,45,0,1,2,6,8,5
1973-03-31,0,0,0,0,0,0,0,0,0,0
1973-04-30,79,20,19,14,15,15,14,26,18,15
1973-05-31,0,0,0,0,0,0,0,0,0,0
1973-06-30,44,15,24,25,9,5,58,25,12,2
1973-07-31,8,27,42,23,14,28,23,11,10,11
1973-08-31,4,1,5,5,32,2,6,3,10,11
1973-09-30,13,19,85,19,8,64,11,13,24,10
1973-10-31,8,78,7,6,5,7,5,39,8,8
1973-11-30,117,126,103,52,57,58,29,93,28,17
1973-12-31,49,58,39,24,23,18,23,32,22,17
1974-01-31,34,161,56,88,34,77,23,74,27,19
1974-02-28,0,0,0,0,0,0,0,0,0,0
1974-03-31,27,12,16,68,9,21,2,7,15,3
1974-04-30,0,0,0,0,0,0,0,0,0,0
1974-05-31,10,0,25,4,2,10,0,5,4,1
1974-06-30,17,0,0,0,23,1,8,21,18,9
1974-07-31,16,0,5,5,2,3,0,6,0,0
1974-08-31,0,0,0,0,0,0,0,0,0,0
1974-09-30,31,12,51,17,34,30,18,14,7,9
1974-10-31,37,0,12,1,7,4,37,9,4,6
1974-11-30,7,0,5,0,11,3,4,5,15,11
1974-12-31,16,0,12,3,43,34,4,3,7,3
1975-01-31,59,42,10,138,19,6,232,19,39,87
1975-02-28,0,0,0,0,0,0,0,0,0,0
1975-03-31,25,18,29,20,5,23,28,42,27,21
1975-04-30,20,51,1,13,5,2,5,24,12,27
1975-05-31,9,22,0,13,7,1,66,17,10,23
1975-06-30,21,66,15,38,14,12,20,21,11,16
1975-07-31,54,3,6,4,3,13,4,3,18,0
1975-08-31,30,69,30,45,11,31,14,26,22,11
1975-09-30,56,99,32,56,14,23,42,31,30,20
1975-10-31,0,0,0,0,0,0,0,0,0,0
1975-11-30,18,93,76,23,30,37,128,32,19,12
1975-12-31,21,40,22,39,6,15,8,10,9,1
1976-01-31,0,0,0,0,0,0,0,0,0,0
1976-02-29,77,15,18,23,5,12,4,29,9,1
1976-03-31,7,10,0,42,1,2,37,18,6,14
1976-04-30,62,109,80,92,18,34,75,81,23,8
1976-05-31,31,0,1,1,5,0,3,1,3,0
1976-06-30,79,48,45,15,14,28,24,29,21,14
1976-07-31,21,0,0,5,2,2,13,7,15,27
1976-08-31,204,18,0,34,6,1,11,31,28,22
1976-09-30,22,23,13,27,35,6,63,21,22,30
1976-10-31,0,0,0,0,0,0,0,0,0,0
1976-11-30,0,0,0,0,0,0,0,0,0,0
1976-12-31,6,33,13,36,2,9,4,15,11,21
1977-01-31,32,52,49,38,28,12,195,10,29,56
1977-02-28,7,8,0,9,14,1,8,4,8,30
1977-03-31,0,0,0,0,0,0,0,0,0,0
1977-04-30,54,6,27,23,22,49,42,11,18,22
1977-05-31,16,0,31,6,11,12,6,52,24,2
1977-06-30,17,62,27,39,0,11,5,15,7,8
1977-07-31,0,0,0,0,0,0,0,0,0,0
1977-08-31,0,0,0,0,0,0,0,0,0,0
1977-09-30,27,6,8,23,17,3,12,5,23,18
1977-10-31,49,3,2,7,5,9,4,11,36,0
1977-11-30,0,0,0,0,0,0,0,0,0,0
1977-12-31,37,35,19,31,14,28,82,34,15,8
1978-01-31,0,0,0,0,0,0,0,0,0,0
1978-02-28,9,8,21,9,39,13,2,7,27,11
1978-03-31,37,54,10,6,2,1,1,33,6,0
1978-04-30,0,0,0,0,0,0,0,0,0,0
1978-05-31,26,56,37,46,25,35,65,25,23,21
1978-06-30,5,55,5,14,1,2,57,11,3,6
1978-07-31,11,55,39,17,10,19,9,54,8,5
1978-08-31,18,15,0,6,10,0,17,6,11,7
1978-09-30,67,5,46,21,7,9,83,18,28,16
1978-10-31,0,0,0,0,0,0,0,0,0,0
1978-11-30,0,0,0,0,0,0,0,0,0,0
1978-12-31,74,14,82,41,18,48,12,62,24,3
1979-01-31,0,0,0,0,0,0,0,0,0,0
1979-02-28,162,40,40,24,31,21,15,25,27,13
1979-03-31,179,23,17,11,42,9,14,30,44,35
1979-04-30,16,10,33,29,30,29,26,39,8,7
1979-05-31,59,43,29,40,19,26,9,13,18,35
1979-06-30,0,30,60,14,12,43,2,16,0,13
1979-07-31,21,4,18,22,12,10,7,7,8,5
1979-08-31,47,62,14,35,35,19,37,65,13,52
1979-09-30,13,6,10,6,17,7,9,41,15,0
1979-10-31,62,24,38,11,6,2,14,22,20,20
1979-11-30,120,18,53,31,119,32,38,11,36,16
1979-12-31,0,0,0,0,0,0,0,0,0,0
1980-01-31,13,33,10,1,17,3,3,13,9,12
1980-02-29,14,12,0,18,6,1,35,13,22,22
1980-03-31,0,0,0,0,0,0,0,0,0,0
1980-04-30,0,0,0,0,0,0,0,0,0,0
1980-05-31,50,88,0,17,25,1,30,144,17,47
1980-06-30,247,65,7,23,86,15,61,71,50,41
1980-07-31,119,58,6,30,17,2,45,38,27,37
1980-08-31,0,0,0,0,0,0,0,0,0,0
1980-09-30,2,6,31,15,14,24,7,3,17,0
1980-10-31,0,0,0,0,0,0,0,0,0,0
1980-11-30,10,80,31,21,12,34,0,60,5,1
1980-12-31,0,0,0,0,0,0,0,0,0,0
1981-01-31,147,175,23,40,25,23,24,81,41,42
1981-02-28,74,94,31,41,43,12,78,78,15,28
1981-03-31,0,0,0,0,0,0,0,0,0,0
1981-04-30,7,21,28,39,42,30,30,73,37,8
1981-05-31,0,0,0,0,0,0,0,0,0,0
1981-06-30,0,0,0,0,0,0,0,0,0,0
1981-07-31,24,0,0,4,5,0,6,1,5,12
1981-08-31,0,0,0,0,0,0,0,0,0,0
1981-09-30,219,44,9,46,91,9,54,29,40,22
1981-10-31,3,1,0,0,28,2,13,6,18,7
1981-11-30,0,0,0,0,0,0,0,0,0,0
1981-12-31,13,31,0,24,12,4,4,25,4,4
1982-01-31,49,72,40,98,44,32,22,38,41,31
1982-02-28,95,5,52,20,52,47,10,47,25,7
1982-03-31,0,0,0,0,0,0,0,0,0,0
1982-04-30,0,0,0,0,0,0,0,0,0,0
1982-05-31,21,15,14,2,16,6,13,12,47,35
1982-06-30,0,0,0,0,0,0,0,0,0,0
1982-07-31,11,56,19,35,29,18,19,10,20,11
1982-08-31,0,0,0,0,0,0,0,0,0,0
1982-09-30,0,0,0,0,0,0,0,0,0,0
1982-10-31,0,0,0,0,0,0,0,0,0,0
1982-11-30,28,14,0,59,29,3,57,6,56,114
1982-12-31,0,0,0,0,0,0,0,0,0,0
1983-01-31,66,141,52,158,76,91,44,81,59,47
1983-02-28,10,5,16,15,11,9,11,15,15,2
1983-03-31,25,37,29,29,12,2,12,31,21,27
1983-04-30,0,0,0,0,0,0,0,0,0,0
1983-05-31,106,13,30,19,16,2,2,33,6,0
1983-06-30,9,28,46,33,13,36,51,26,8,3
1983-07-31,0,0,0,0,0,0,0,0,0,0
1983-08-31,27,6,3,52,7,18,7,10,69,74
1983-09-30,0,0,0,0,0,0,0,0,0,0
1983-10-31,17,119,23,39,12,47,40,42,8,3
1983-11-30,3,0,13,0,19,7,20,4,11,8
1983-12-31,11,130,17,33,12,4,13,9,26,10
1984-01-31,93,20,52,13,21,19,10,15,8,3
1984-02-29,13,56,20,12,39,17,4,24,15,1
1984-03-31,0,0,0,0,0,0,0,0,0,0
1984-04-30,0,0,0,0,0,0,0,0,0,0
1984-05-31,0,0,0,0,0,0,0,0,0,0
1984-06-30,24,81,43,82,34,28,30,65,21,13
1984-07-31,0,0,0,0,0,0,0,0,0,0
1984-08-31,38,19,3,70,15,5,54,10,25,35
1984-09-30,0,0,0,0,0,0,0,0,0,0
1984-10-31,0,0,0,0,0,0,0,0,0,0
1984-11-30,0,0,0,0,0,0,0,0,0,0
1984-12-31,30,16,8,7,22,7,4,3,14,4
1985-01-31,0,0,0,0,0,0,0,0,0,0
1985-02-28,116,4,44,7,14,13,6,14,12,1
1985-03-31,0,0,0,0,0,0,0,0,0,0
1985-04-30,6,1,10,4,7,0,0,1,4,0
1985-05-31,0,0,0,0,0,0,0,0,0,0
1985-06-30,0,0,0,0,0,0,0,0,0,0
1985-07-31,0,0,0,0,0,0,0,0,0,0
1985-08-31,9,50,47,75,34,54,49,36,15,5
1985-09-30,109,19,48,21,29,64,18,12,31,26
1985-10-31,0,0,0,0,0,0,0,0,0,0
1985-11-30,5,17,28,38,3,17,63,11,16,8
1985-12-31,0,0,0,0,0,0,0,0,0,0
1986-01-31,2,9,0,5,2,3,0,6,4,1
1986-02-28,0,0,0,0,0,0,0,0,0,0
1986-03-31,8,23,36,32,26,24,13,18,17,13
1986-04-30,3,3,0,7,2,3,1,2,6,17
1986-05-31,0,0,0,0,0,0,0,0,0,0
1986-06-30,13,5,5,11,16,6,3,6,41,27
1986-07-31,0,0,0,0,0,0,0,0,0,0
1986-08-31,21,13,8,20,15,12,33,14,13,70
1986-09-30,0,0,0,0,0,0,0,0,0,0
1986-10-31,30,84,43,28,57,56,25,31,22,9
1986-11-30,20,62,17,36,20,6,24,38,15,26
1986-12-31,0,0,0,0,0,0,0,0,0,0
1987-01-31,19,19,1,49,20,3,88,30,38,49
1987-02-28,0,0,0,0,0,0,0,0,0,0
1987-03-31,48,88,15,63,11,23,74,29,22,20
1987-04-30,154,38,92,13,32,47,32,31,30,2
1987-05-31,156,24,29,40,42,28,143,22,43,27
1987-06-30,0,0,0,0,0,0,0,0,0,0
1987-07-31,0,0,0,0,0,0,0,0,0,0
1987-08-31,18,35,35,10,66,28,13,7,23,10
1987-09-30,0,0,0,0,0,0,0,0,0,0
1987-10-31,0,0,0,0,0,0,0,0,0,0
1987-11-30,24,64,52,28,14,78,39,27,39,13
1987-12-31,40,2,1,8,0,1,2,3,13,8
1988-01-31,12,17,63,12,5,46,4,10,19,21
1988-02-29,21,27,112,33,27,100,19,24,12,14
1988-03-31,0,0,0,0,0,0,0,0,0,0
1988-04-30,90,20,48,16,39,48,30,42,18,7
1988-05-31,0,0,0,0,0,0,0,0,0,0
1988-06-30,0,0,0,0,0,0,0,0,0,0
1988-07-31,0,0,0,0,0,0,0,0,0,0
1988-08-31,35,35,20,19,40,31,10,12,3,2
1988-09-30,0,0,0,0,0,0,0,0,0,0
1988-10-31,0,0,0,0,0,0,0,0,0,0
1988-11-30,0,0,0,0,0,0,0,0,0,0
1988-12-31,0,0,0,0,0,0,0,0,0,0
1989-01-31,0,0,0,0,0,0,0,0,0,0
1989-02-28,24,4,9,0,21,6,5,9,15,0
1989-03-31,7,18,21,0,18,21,11,9,13,1
1989-04-30,0,0,0,0,0,0,0,0,0,0
1989-05-31,0,0,0,0,0,0,0,0,0,0
1989-06-30,0,0,0,0,0,0,0,0,0,0
1989-07-31,90,41,46,43,51,34,30,25,11,2
1989-08-31,0,0,0,0,0,0,0,0,0,0
1989-09-30,0,0,0,0,0,0,0,0,0,0
1989-10-31,0,0,0,0,0,0,0,0,0,0
1989-11-30,0,0,0,0,0,0,0,0,0,0
1989-12-31,0,0,0,0,0,0,0,0,0,0
1990-01-31,34,94,56,64,16,73,131,64,20,10
1990-02-28,0,0,0,0,0,0,0,0,0,0
1990-03-31,0,0,0,0,0,0,0,0,0,0
1990-04-30,0,0,0,0,0,0,0,0,0,0
1990-05-31,0,0,0,0,0,0,0,0,0,0
1990-06-30,12,20,46,6,8,48,3,23,14,13
1990-07-31,0,0,0,0,0,0,0,0,0,0
1990-08-31,0,0,0,0,0,0,0,0,0,0
1990-09-30,0,0,0,0,0,0,0,0,0,0
1990-10-31,0,0,0,0,0,0,0,0,0,0
1990-11-30,0,0,0,0,0,0,0,0,0,0
1990-12-31,10,57,64,18,7,35,59,6,8,6
1991-01-31,0,0,0,0,0,0,0,0,0,0
1991-02-28,32,97,36,54,36,34,24,30,32,13
1991-03-31,15,16,27,17,58,42,24,19,12,10
1991-04-30,66,18,65,25,39,23,29,52,21,49
1991-05-31,0,0,0,0,0,0,0,0,0,0
1991-06-30,0,0,0,0,0,0,0,0,0,0
1991-07-31,0,0,0,0,0,0,0,0,0,0
1991-08-31,0,0,0,0,0,0,0,0,0,0
1991-09-30,23,1,10,4,3,14,17,6,10,2
1991-10-31,0,0,0,0,0,0,0,0,0,0
1991-11-30,0,0,0,0,0,0,0,0,0,0
1991-12-31,28,6,3,17,20,3,2,15,23,28
1992-01-31,0,0,0,0,0,0,0,0,0,0
1992-02-29,20,25,34,20,10,24,11,25,21,4
1992-03-31,15,77,30,48,4,46,7,16,13,2
1992-04-30,23,0,48,4,5,2,0,11,25,6
1992-05-31,0,0,0,0,0,0,0,0,0,0
1992-06-30,4,21,71,27,24,74,20,18,20,20
1992-07-31,40,82,30,22,17,23,5,45,10,10
1992-08-31,0,0,0,0,0,0,0,0,0,0
1992-09-30,17,6,0,61,6,3,31,10,14,29
1992-10-31,0,0,0,0,0,0,0,0,0,0
1992-11-30,0,0,0,0,0,0,0,0,0,0
1992-12-31,4,0,11,0,21,1,9,2,14,5
1993-01-31,0,0,0,0,0,0,0,0,0,0
1993-02-28,0,0,0,0,0,0,0,0,0,0
1993-03-31,85,10,15,11,16,16,8,10,5,12
1993-04-30,111,93,124,52,106,72,93,93,58,23
1993-05-31,0,0,0,0,0,0,0,0,0,0
1993-06-30,0,0,0,0,0,0,0,0,0,0
1993-07-31,0,0,0,0,0,0,0,0,0,0
1993-08-31,54,32,66,26,5,54,19,37,15,8
1993-09-30,0,0,0,0,0,0,0,0,0,0
1993-10-31,11,3,1,21,32,19,27,8,16,8
1993-11-30,0,0,0,0,0,0,0,0,0,0
1993-12-31,0,0,0,0,0,0,0,0,0,0
1994-01-31,2,27,51,15,22,38,19,17,11,14
1994-02-28,64,30,28,15,12,29,14,31,21,15
1994-03-31,19,60,53,23,14,44,2,13,6,10
1994-04-30,12,78,44,35,13,5,5,38,21,7
1994-05-31,0,0,0,0,0,0,0,0,0,0
1994-06-30,10,35,24,19,21,18,22,11,11,8
1994-07-31,11,34,45,31,37,24,40,13,10,7
1994-08-31,0,0,0,0,0,0,0,0,0,0
1994-09-30,10,1,10,12,54,13,19,10,12,28
1994-10-31,5,0,84,4,55,63,55,5,46,14
1994-11-30,15,112,13,48,8,13,47,14,14,20
1994-12-31,33,11,10,9,11,14,11,19,24,11
1995-01-31,0,0,0,0,0,0,0,0,0,0
1995-02-28,78,28,47,12,5,26,11,13,10,3
1995-03-31,0,0,0,0,0,0,0,0,0,0
1995-04-30,0,0,0,0,0,0,0,0,0,0
1995-05-31,0,0,0,0,0,0,0,0,0,0
1995-06-30,79,25,26,9,18,18,1,5,7,4
1995-07-31,0,0,0,0,0,0,0,0,0,0
1995-08-31,44,2,12,24,9,17,20,20,16,1
1995-09-30,0,0,0,0,0,0,0,0,0,0
1995-10-31,0,0,0,0,0,0,0,0,0,0
1995-11-30,8,49,33,24,29,26,19,17,8,3
1995-12-31,27,96,35,16,19,19,6,9,12,9
1996-01-31,13,26,47,14,35,44,16,83,31,30
1996-02-29,5,10,111,12,38,109,11,48,17,18
1996-03-31,0,0,0,0,0,0,0,0,0,0
1996-04-30,10,28,1,41,2,1,17,8,4,10
1996-05-31,5,3,5,7,8,13,18,1,11,3
1996-06-30,0,0,0,0,0,0,0,0,0,0
1996-07-31,147,47,55,24,48,47,15,15,33,13
1996-08-31,0,0,0,0,0,0,0,0,0,0
1996-09-30,57,1,48,12,25,25,8,20,15,5
1996-10-31,6,119,55,38,21,42,5,37,13,30
1996-11-30,4,41,16,34,10,13,2,28,20,39
1996-12-31,60,4,5,6,30,7,3,10,15,9
1997-01-31,0,0,0,0,0,0,0,0,0,0
1997-02-28,0,0,0,0,0,0,0,0,0,0
1997-03-31,0,0,0,0,0,0,0,0,0,0
1997-04-30,0,0,0,0,0,0,0,0,0,0
1997-05-31,0,0,0,0,0,0,0,0,0,0
1997-06-30,0,0,0,0,0,0,0,0,0,0
1997-07-31,27,25,40,20,18,27,5,83,11,2
1997-08-31,68,33,91,36,51,77,57,27,20,10
1997-09-30,0,0,0,0,0,0,0,0,0,0
1997-10-31,0,0,0,0,0,0,0,0,0,0
1997-11-30,0,0,0,0,0,0,0,0,0,0
1997-12-31,0,0,0,0,0,0,0,0,0,0
1998-01-31,0,0,0,0,0,0,0,0,0,0
1998-02-28,17,95,39,13,46,20,42,38,18,4
1998-03-31,0,0,0,0,0,0,0,0,0,0
1998-04-30,0,0,0,0,0,0,0,0,0,0
1998-05-31,0,0,0,0,0,0,0,0,0,0
1998-06-30,0,0,0,0,0,0,0,0,0,0
1998-07-31,0,0,0,0,0,0,0,0,0,0
1998-08-31,0,0,0,0,0,0,0,0,0,0
1998-09-30,0,0,0,0,0,0,0,0,0,0
1998-10-31,0,0,0,11,1,9,0,1,0,10
1998-11-30,0,0,0,0,0,0,0,0,0,0
1998-12-31,0,0,0,0,0,0,0,0,0,0
1999-01-31,0,0,0,0,0,0,0,0,0,0
1999-02-28,0,0,0,0,0,0,0,0,0,0
1999-03-31,0,0,0,0,0,0,0,0,0,0
1999-04-30,0,0,0,0,0,0,0,0,0,0
1999-05-31,0,0,0,0,0,0,0,0,0,0
1999-06-30,15,62,82,39,42,72,37,37,8,13
1999-07-31,20,0,0,11,5,3,17,7,3,15
1999-08-31,0,0,0,0,0,0,0,0,0,0
1999-09-30,0,0,0,0,0,0,0,0,0,0
1999-10-31,47,4,71,15,95,83,38,17,58,61
1999-11-30,0,0,0,0,0,0,0,0,0,0
1999-12-31,0,0,0,0,0,0,0,0,0,0
2000-01-31,8,7,79,14,21,35,14,13,7,6
2000-02-29,36,8,43,15,10,50,5,12,20,18
2000-03-31,7,78,68,32,18,46,16,54,13,10
2000-04-30,66,25,34,14,19,15,32,8,9,19
2000-05-31,0,0,0,0,0,0,0,0,0,0
2000-06-30,0,0,0,0,0,0,0,0,0,0
2000-07-31,0,0,0,0,0,0,0,0,0,0
2000-08-31,0,0,0,0,0,0,0,0,0,0
2000-09-30,0,0,0,0,0,0,0,0,0,0
2000-10-31,74,12,5,31,67,18,55,9,34,49
2000-11-30,0,0,0,0,0,0,0,0,0,0
2000-12-31,0,0,0,0,0,0,0,0,0,0
2001-01-31,6,6,0,34,23,0,32,9,17,38
2001-02-28,0,0,0,0,0,0,0,0,0,0
2001-03-31,9,43,52,42,11,69,47,25,11,10
2001-04-30,0,0,0,0,0,0,0,0,0,0
2001-05-31,0,0,0,0,0,0,0,0,0,0
2001-06-30,0,0,0,0,0,0,0,0,0,0
2001-07-31,0,0,0,0,0,0,0,0,0,0
2001-08-31,35,0,0,3,7,2,3,23,10,15
2001-09-30,0,0,0,0,0,0,0,0,0,0
2001-10-31,0,0,0,0,0,0,0,0,0,0
2001-11-30,26,5,72,11,26,88,21,0,7,15
2001-12-31,0,0,0,0,0,0,0,0,0,0
2002-01-31,0,0,0,0,0,0,0,0,0,0
2002-02-28,0,0,0,0,0,0,0,0,0,0
2002-03-31,0,0,0,0,0,0,0,0,0,0
2002-04-30,0,0,0,0,0,0,0,0,0,0
2002-05-31,0,0,0,0,0,0,0,0,0,0
2002-06-30,0,0,0,0,0,0,0,0,0,0
2002-07-31,51,44,89,33,13,91,10,27,11,20
2002-08-31,0,0,0,0,0,0,0,0,0,0
2002-09-30,0,0,0,0,0,0,0,0,0,0
2002-10-31,6,13,0,18,22,3,20,10,23,69
2002-11-30,0,0,0,0,0,0,0,0,0,0
2002-12-31,0,0,0,0,0,0,0,0,0,0
2003-01-31,2,5,33,12,27,28,8,2,3,12
2003-02-28,0,0,0,0,0,0,0,0,0,0
2003-03-31,0,0,0,0,0,0,0,0,0,0
2003-04-30,0,0,0,0,0,0,0,0,0,0
2003-05-31,0,0,0,0,0,0,0,0,0,0
2003-06-30,0,0,0,0,0,0,0,0,0,0
2003-07-31,99,1,1,20,6,7,0,9,19,10
2003-08-31,0,0,0,0,0,0,0,0,0,0
2003-09-30,11,2,0,8,6,4,6,7,36,36
2003-10-31,0,0,0,0,0,0,0,0,0,0
2003-11-30,0,0,0,0,0,0,0,0,0,0
2003-12-31,27,31,87,40,23,125,31,62,44,39
2004-01-31,0,0,0,0,0,0,0,0,0,0
2004-02-29,0,0,0,0,0,0,0,0,0,0
2004-03-31,5,1,55,14,57,0,15,4,9,17
2004-04-30,0,0,0,0,0,0,0,0,0,0
2004-05-31,8,38,40,15,26,49,12,47,9,10
2004-06-30,0,0,0,0,0,0,0,0,0,0
2004-07-31,0,0,0,0,0,0,0,0,0,0
2004-08-31,41,13,69,11,40,45,11,15,20,5
2004-09-30,22,1,0,18,12,14,6,3,31,45
2004-10-31,23,32,74,39,18,20,109,17,26,53
2004-11-30,56,96,146,34,52,146,40,42,71,44
2004-12-31,0,0,0,0,0,0,0,0,0,0
2005-01-31,10,0,0,2,5,2,25,6,18,29
2005-02-28,26,46,126,45,66,91,40,28,40,46
2005-03-31,0,0,0,0,0,0,0,0,0,0
2005-04-30,0,0,0,0,0,0,0,0,0,0
2005-05-31,0,0,0,0,0,0,0,0,0,0
2005-06-30,0,0,0,0,0,0,0,0,0,0
2005-07-31,0,0,0,0,0,0,0,0,0,0
2005-08-31,0,0,0,0,0,0,0,0,0,0
2005-09-30,79,7,89,27,39,68,28,15,42,58
2005-10-31,0,0,0,0,0,0,0,0,0,0
2005-11-30,0,0,0,0,0,0,0,0,0,0
2005-12-31,27,119,55,55,34,41,7,70,28,46
2006-01-31,0,0,0,0,0,0,0,0,0,0
2006-02-28,39,11,27,32,37,28,16,23,23,5
2006-03-31,0,0,0,0,0,0,0,0,0,0
2006-04-30,0,0,0,0,0,0,0,0,0,0
2006-05-31,0,0,0,0,0,0,0,0,0,0
2006-06-30,0,0,0,0,0,0,0,0,0,0
2006-07-31,65,21,0,12,20,3,10,7,53,14
2006-08-31,9,58,106,54,18,102,25,3,9,9
2006-09-30,0,0,0,0,0,0,0,0,0,0
2006-10-31,11,0,0,8,8,2,11,12,14,36
2006-11-30,0,0,0,0,0,0,0,0,0,0
2006-12-31,0,0,0,0,0,0,0,0,0,0
2007-01-31,0,0,0,0,0,0,0,0,0,0
2007-02-28,5,77,112,29,17,75,18,39,14,12
2007-03-31,0,0,0,0,0,0,0,0,0,0
2007-04-30,4,49,74,53,18,49,10,51,14,41
2007-05-31,0,0,0,0,0,0,0,0,0,0
2007-06-30,5,6,89,10,35,62,12,17,21,40
2007-07-31,10,0,0,15,61,11,25,7,56,128
2007-08-31,0,0,0,0,0,0,0,0,0,0
2007-09-30,82,11,36,8,59,37,16,30,22,1
2007-10-31,0,0,0,0,0,0,0,0,0,0
2007-11-30,0,0,0,0,0,0,0,0,0,0
2007-12-31,0,0,0,0,0,0,0,0,0,0
2008-01-31,0,0,0,0,0,0,0,0,0,0
2008-02-29,0,0,0,0,0,0,0,0,0,0
2008-03-31,31,3,0,52,2,3,14,8,24,49
2008-04-30,0,0,0,0,0,0,0,0,0,0
2008-05-31,0,0,0,0,0,0,0,0,0,0
2008-06-30,31,0,0,1,12,3,0,20,12,40
2008-07-31,3,32,64,22,37,59,27,60,22,12
2008-08-31,0,0,0,0,0,0,0,0,0,0
2008-09-30,6,45,0,14,31,5,27,19,16,33
2008-10-31,38,23,67,12,31,44,14,22,22,9
2008-11-30,0,0,0,0,0,0,0,0,0,0
2008-12-31,11,58,60,42,30,58,15,3,13,31
2009-01-31,69,27,129,43,66,108,31,26,32,15
2009-02-28,11,3,124,32,23,71,17,20,25,19
2009-03-31,18,10,0,34,65,2,23,6,16,26
2009-04-30,0,0,0,0,0,0,0,0,0,0
2009-05-31,0,0,0,0,0,0,0,0,0,0
2009-06-30,0,0,0,0,0,0,0,0,0,0
2009-07-31,0,0,0,0,0,0,0,0,0,0
2009-08-31,1,3,0,27,15,1,93,2,37,48
2009-09-30,0,0,0,0,0,0,0,0,0,0
2009-10-31,0,0,0,0,0,0,0,0,0,0
2009-11-30,0,0,0,0,0,0,0,0,0,0
2009-12-31,0,0,0,0,0,0,0,0,0,0
2010-01-31,0,0,0,0,0,0,0,0,0,0
2010-02-28,0,0,0,0,0,0,0,0,0,0
2010-03-31,0,0,0,0,0,0,0,0,0,0
2010-04-30,0,0,0,0,0,0,0,0,0,0
2010-05-31,0,0,0,0,0,0,0,0,0,0
2010-06-30,0,0,0,0,0,0,0,0,0,0
2010-07-31,0,0,0,0,0,0,0,0,0,0
2010-08-31,3,0,0,7,19,2,3,10,7,63
2010-09-30,0,0,0,0,0,0,0,0,0,0
2010-10-31,0,0,0,0,0,0,0,0,0,0
2010-11-30,0,0,0,0,0,0,0,0,0,0
2010-12-31,11,73,25,20,68,13,1,105,18,64
2011-01-31,0,0,0,0,0,0,0,0,0,0
2011-02-28,0,0,0,0,0,0,0,0,0,0
2011-03-31,0,0,0,0,0,0,0,0,0,0
2011-04-30,39,41,5,16,25,2,12,7,18,13
2011-05-31,0,0,0,0,0,0,0,0,0,0
2011-06-30,0,0,0,0,0,0,0,0,0,0
2011-07-31,0,0,0,0,0,0,0,0,0,0
2011-08-31,40,1,0,9,22,0,5,8,21,31
2011-09-30,18,5,0,11,20,4,10,4,10,27
2011-10-31,0,0,0,0,0,0,0,0,0,0
2011-11-30,0,0,0,0,0,0,0,0,0,0
2011-12-31,5,0,1,11,14,4,11,4,18,15
2012-01-31,0,0,0,0,0,0,0,0,0,0
2012-02-29,0,0,0,0,0,0,0,0,0,0
2012-03-31,65,19,53,18,37,28,19,11,32,18
2012-04-30,0,0,0,0,0,0,0,0,0,0
2012-05-31,0,0,0,0,0,0,0,0,0,0
2012-06-30,0,0,0,0,0,0,0,0,0,0
2012-07-31,0,0,0,0,0,0,0,0,0,0
2012-08-31,0,0,0,0,0,0,0,0,0,0
2012-09-30,0,0,0,0,0,0,0,0,0,0
2012-10-31,0,0,0,0,0,0,0,0,0,0
2012-11-30,0,0,0,0,0,0,0,0,0,0
2012-12-31,0,0,0,0,0,0,0,0,0,0
2013-01-31,10,0,7,14,18,1,9,2,11,0
2013-02-28,0,0,0,0,0,0,0,0,0,0
2013-03-31,0,0,0,0,0,0,0,0,0,0
2013-04-30,11,15,31,6,37,30,7,14,22,3
2013-05-31,0,0,0,0,0,0,0,0,0,0
2013-06-30,0,0,0,0,0,0,0,0,0,0
2013-07-31,6,30,11,30,32,7,10,19,18,14
2013-08-31,7,73,56,27,24,41,9,14,13,15
2013-09-30,0,0,0,0,0,0,0,0,0,0
2013-10-31,0,0,0,0,0,0,0,0,0,0
2013-11-30,0,0,0,0,0,0,0,0,0,0
2013-12-31,0,0,0,0,0,0,0,0,0,0
2014-01-31,0,0,0,0,0,0,0,0,0,0
2014-02-28,0,0,0,0,0,0,0,0,0,0
2014-03-31,0,0,0,0,0,0,0,0,0,0
2014-04-30,0,0,0,0,0,0,0,0,0,0
2014-05-31,27,34,0,11,39,0,10,2,16,15
2014-06-30,0,0,0,0,0,0,0,0,0,0
2014-07-31,0,0,0,0,0,0,0,0,0,0
2014-08-31,0,0,0,0,0,0,0,0,0,0
2014-09-30,0,0,0,0,0,0,0,0,0,0
2014-10-31,9,1,0,4,39,6,2,5,29,19
2014-11-30,0,0,0,0,0,0,0,0,0,0
2014-12-31,22,23,0,10,60,4,11,23,13,54
2015-01-31,0,0,0,0,0,0,0,0,0,0
2015-02-28,0,0,0,0,0,0,0,0,0,0
2015-03-31,24,97,48,37,23,43,32,52,21,15
2015-04-30,0,0,0,0,0,0,0,0,0,0
2015-05-31,0,0,0,0,0,0,0,0,0,0
2015-06-30,7,0,3,4,38,9,7,8,55,75
2015-07-31,29,0,0,1,66,2,19,5,15,26
2015-08-31,0,0,0,0,0,0,0,0,0,0
2015-09-30,0,0,0,0,0,0,0,0,0,0
2015-10-31,0,0,0,0,0,0,0,0,0,0
2015-11-30,2,19,71,20,11,64,16,21,38,26
2015-12-31,0,0,0,0,0,0,0,0,0,0
2016-01-31,0,0,0,0,0,0,0,0,0,0
2016-02-29,0,0,0,0,0,0,0,0,0,0
2016-03-31,0,0,0,0,0,0,0,0,0,0
2016-04-30,0,0,0,0,0,0,0,0,0,0
2016-05-31,0,0,0,0,0,0,0,0,0,0
2016-06-30,0,0,0,0,0,0,0,0,0,0
2016-07-31,0,0,0,6,7,0,3,7,25,56
2016-08-31,0,0,0,0,0,0,0,0,0,0
2016-09-30,0,0,0,0,0,0,0,0,0,0
2016-10-31,104,14,49,25,40,35,10,9,56,24
2016-11-30,0,0,0,0,0,0,0,0,0,0
2016-12-31,0,0,0,0,0,0,0,0,0,0
2017-01-31,0,0,0,0,0,0,0,0,0,0
2017-02-28,0,0,0,0,0,0,0,0,0,0
2017-03-31,6,28,31,16,26,2,8,1,17,2
2017-04-30,0,0,0,0,0,0,0,0,0,0
2017-05-31,7,34,1,15,19,2,45,16,37,21
2017-06-30,0,0,0,0,0,0,0,0,0,0
2017-07-31,2,118,41,29,36,40,24,37,15,17
2017-08-31,0,0,0,0,0,0,0,0,0,0
2017-09-30,0,0,0,0,0,0,0,0,0,0
2017-10-31,0,0,0,0,0,0,0,0,0,0
2017-11-30,0,0,0,0,0,0,0,0,0,0
2017-12-31,0,0,0,0,0,0,0,0,0,0
2018-01-31,0,0,0,0,0,0,0,0,0,0
2018-02-28,0,0,0,0,0,0,0,0,0,0
2018-03-31,23,0,0,2,68,7,16,4,54,16
2018-04-30,95,4,49,23,7,35,38,29,18,3
2018-05-31,0,0,0,0,0,0,0,0,0,0
2018-06-30,0,0,0,0,0,0,0,0,0,0
2018-07-31,2,1,4,19,41,8,6,3,16,9
2018-08-31,0,0,0,0,0,0,0,0,0,0
2018-09-30,0,0,0,0,0,0,0,0,0,0
2018-10-31,0,0,0,0,0,0,0,0,0,0
2018-11-30,0,0,0,0,0,0,0,0,0,0
2018-12-31,0,0,0,0,0,0,0,0,0,0
2019-01-31,5,0,0,0,30,0,1,1,34,23
2019-02-28,3,0,55,9,28,26,14,6,19,14
2019-03-31,0,0,0,0,0,0,0,0,0,0
2019-04-30,0,0,0,0,0,0,0,0,0,0
2019-05-31,4,1,0,1,41,0,8,11,32,33
2019-06-30,10,4,0,7,13,8,4,22,13,48
2019-07-31,0,0,0,0,0,0,0,0,0,0
2019-08-31,0,0,0,0,0,0,0,0,0,0
2019-09-30,0,0,0,0,0,0,0,0,0,0
2019-10-31,21,78,103,37,33,65,3,52,19,1
2019-11-30,0,0,16,2,15,10,2,1,18,5
2019-12-31,3,0,0,6,10,7,4,5,31,109
2020-01-31,0,0,0,11,27,1,33,1,23,59
2020-02-29,0,0,0,0,0,0,0,0,0,0
2020-03-31,0,0,0,0,0,0,0,0,0,0
2020-04-30,0,0,0,0,0,0,0,0,0,0
2020-05-31,0,0,0,0,0,0,0,0,0,0
2020-06-30,0,0,0,0,0,0,0,0,0,0
2020-07-31,0,0,0,0,0,0,0,0,0,0
2020-08-31,0,0,0,0,0,0,0,0,0,0
2020-09-30,0,0,0,0,0,0,0,0,0,0
2020-10-31,0,0,0,0,0,0,0,0,0,0
2020-11-30,0,0,0,0,0,0,0,0,0,0
2020-12-31,0,0,0,0,0,0,0,0,0,0
2021-01-31,0,0,0,0,0,0,0,0,0,0
2021-02-28,0,0,0,0,0,0,0,0,0,0
2021-03-31,0,0,0,0,0,0,0,0,0,0
2021-04-30,0,0,0,0,0,0,0,0,0,0
2021-05-31,0,0,0,0,0,0,0,0,0,0
2021-06-30,0,0,0,0,0,0,0,0,0,0
2021-07-31,0,0,0,0,0,0,0,0,0,0
2021-08-31,0,0,0,0,0,0,0,0,0,0
2021-09-30,1,0,0,1,0,0,3,0,10,8
2021-10-31,0,0,0,0,0,0,0,0,0,0
2021-11-30,0,0,0,0,0,0,0,0,0,0
2021-12-31,0,0,0,0,0,0,0,0,0,0
2022-01-31,0,0,0,0,0,0,0,0,0,0
2022-02-28,0,0,0,0,0,0,0,0,0,0
2022-03-31,0,0,0,0,0,0,0,0,0,0
2022-04-30,0,0,0,0,0,0,0,0,0,0
2022-05-31,0,0,0,0,0,0,0,0,0,0
2022-06-30,44,0,0,6,4,6,4,11,68,22
2022-07-31,0,0,0,0,0,0,0,0,0,0
2022-08-31,0,0,0,0,0,0,0,0,0,0
2022-09-30,10,0,0,5,7,3,12,4,22,18
2022-10-31,0,0,0,0,0,0,0,0,0,0
2022-11-30,0,0,0,0,0,0,0,0,0,0
2022-12-31,0,0,0,0,0,0,0,0,0,0
2023-01-31,2,152,68,42,37,7,41,4,21,5
2023-02-28,12,88,45,36,26,45,55,18,9,7
2023-03-31,0,0,0,0,0,0,0,0,0,0
2023-04-30,0,0,0,0,0,0,0,0,0,0
2023-05-31,0,0,0,0,0,0,0,0,0,0
2023-06-30,0,0,0,0,0,0,0,0,0,0
2023-07-31,0,0,0,0,0,0,0,0,0,0
2023-08-31,0,0,0,0,0,0,0,0,0,0
2023-09-30,0,0,0,0,0,0,0,0,0,0
2023-10-31,0,0,0,0,0,0,0,0,0,0
2023-11-30,0,0,0,0,0,0,0,0,0,0
2023-12-31,0,0,0,0,0,0,0,0,0,0
2024-01-31,0,0,0,0,0,0,0,0,0,0
2024-02-29,0,5,8,2,25,4,6,25,27,4
